package	version	source	group	reason
adw-gtk-theme	6.5-1	pacman	ambxst	explicit
adwaita-fonts	51.0-2	pacman	fonts-theme	dependency
amd-ucode	20260916-1	pacman	base	explicit
asusctl	6.5.0-1	pacman	asus	explicit
base	3-3	pacman	base	explicit
base-devel	1-2	pacman	base	explicit
bat	0.26.1-3	pacman	terminal	explicit
blueman	2.4.6-2	pacman	desktop	explicit
bluez	5.87-2	pacman	desktop	explicit
bluez-utils	5.87-2	pacman	desktop	explicit
brave-origin-nightly-bin	1.96.44-1	foreign/AUR	aur	explicit
breeze-icons	6.30.0-1	pacman	ambxst	explicit
brightnessctl	0.5.1-3	pacman	hyprland	explicit
btrfs-progs	7.1-1	pacman	base	explicit
curl	8.22.0-1	pacman	base	dependency
ddcutil	3.0.1-1	pacman	ambxst	explicit
discord-canary	1.0.1949-1	foreign/AUR	aur	explicit
easyeffects	8.2.9-1	pacman	ambxst	explicit
efibootmgr	18-4	pacman	base	explicit
elecwhat-bin	1.14.0-2	foreign/AUR	aur	explicit
ffmpeg	2:9.0.1-4	pacman	ambxst	dependency
file	5.48-1	pacman	terminal	dependency
firefox	156.0-1	pacman	apps	explicit
fontconfig	2:2.18.3-2	pacman	fonts-theme	dependency
fuzzel	1.15.0-1	pacman	ambxst	explicit
fzf	0.74.4-1	pacman	terminal	explicit
gdm	50.3-1	pacman	desktop	explicit
git	2.55.0-1	pacman	base	explicit
glib2	2.88.3-1	pacman	ambxst	dependency
gnome-calculator	50.0-1	pacman	desktop	explicit
gnome-console	50.0-1	pacman	desktop	explicit
gnome-control-center	50.4-1	pacman	desktop	explicit
gnome-keyring	1:50.0-1	pacman	desktop	explicit
gnome-session	50.1-1	pacman	desktop	explicit
gnome-settings-daemon	50.1-1	pacman	desktop	explicit
gnome-shell	1:50.5-1	pacman	desktop	explicit
gnome-themes-extra	1:3.28-1	pacman	fonts-theme	explicit
gnome-tweaks	49.0-2	pacman	desktop	explicit
gpu-screen-recorder	6.1.2-1	pacman	ambxst	explicit
gradia	1.13.0-1	pacman	ambxst	explicit
gst-plugin-pipewire	1:1.6.8-1	pacman	desktop	explicit
gst-plugins-bad	1.28.7-1	pacman	ambxst	dependency
gtk-engine-murrine	0.98.2-5	foreign/AUR	aur	explicit
gtk3	1:3.24.52-1	pacman	fonts-theme	dependency
gtk4	1:4.22.5-1	pacman	fonts-theme	dependency
gvfs	1.60.3-3	pacman	desktop	explicit
gvfs-mtp	1.60.3-3	pacman	desktop	explicit
gvfs-smb	1.60.3-3	pacman	desktop	explicit
hicolor-icon-theme	0.18-1	pacman	ambxst	dependency
htop	3.5.3-1	pacman	utilities	explicit
hypridle	0.1.8-2	pacman	hyprland	explicit
hyprland	0.56.2-3	pacman	hyprland	explicit
hyprpolkitagent	0.1.3-10	pacman	hyprland	explicit
inetutils	2.8-1	pacman	ambxst	explicit
jq	1.8.2-1	pacman	utilities	explicit
kitty	0.48.2-1	pacman	terminal	explicit
less	1:710-1	pacman	utilities	explicit
libadwaita	1:1.9.4-1	pacman	fonts-theme	dependency
libavif	1.4.2-1	pacman	ambxst	dependency
libnotify	0.8.8-1	pacman	ambxst	dependency
libpulse	17.0+r98+gb096704c0-1	pacman	hyprland	explicit
libwebp	1.6.0-2	pacman	ambxst	dependency
linux	7.2.6.arch2-1	pacman	base	explicit
linux-firmware	20260916-1	pacman	base	explicit
linux-firmware-amdgpu	20260916-1	pacman	base	dependency
linux-firmware-mediatek	20260916-1	pacman	base	dependency
lm_sensors	1:3.6.2-1	pacman	utilities	dependency
lsd	1.2.0-2	pacman	terminal	explicit
lsof	4.99.7-1	pacman	utilities	explicit
lua	5.5.1-1	pacman	utilities	dependency
lvm2	2.03.42-1	pacman	base	explicit
matugen	4.2.0-1	pacman	ambxst	explicit
mesa	1:26.2.3-1	pacman	hyprland	dependency
mesa-utils	9.0.0-7	pacman	hyprland	explicit
mkinitcpio	42-1	pacman	base	explicit
mutter	50.5-1	pacman	desktop	dependency
nano	9.2-1	pacman	utilities	explicit
nautilus	50.3.1-1	pacman	desktop	explicit
neovim	0.12.5-1	pacman	utilities	explicit
network-manager-applet	1.36.0-2	pacman	desktop	explicit
networkmanager	1.58.1-1	pacman	base	explicit
noto-fonts	1:2026.09.01-1	pacman	fonts-theme	explicit
noto-fonts-cjk	20240730-1	pacman	fonts-theme	explicit
noto-fonts-emoji	1:2.051-1	pacman	fonts-theme	dependency
nvme-cli	3.1-1	pacman	utilities	explicit
nwg-look	1.1.1-3	pacman	hyprland	explicit
obsidian	1.13.7-2	pacman	apps	explicit
openssh	10.5p1-1	pacman	utilities	dependency
pavucontrol	1:6.2-1	pacman	ambxst	explicit
pipewire	1:1.6.8-1	pacman	desktop	explicit
pipewire-alsa	1:1.6.8-1	pacman	desktop	explicit
pipewire-jack	1:1.6.8-1	pacman	desktop	explicit
pipewire-pulse	1:1.6.8-1	pacman	desktop	explicit
playerctl	2.4.1-5	pacman	hyprland	explicit
plymouth	26.134.222-2	pacman	base	explicit
power-profiles-daemon	0.30-1	pacman	asus	explicit
python	3.14.7-1	pacman	utilities	dependency
qt6-base	6.11.2-3	pacman	ambxst	dependency
qt6-declarative	6.11.2-2	pacman	ambxst	dependency
qt6-imageformats	6.11.2-1	pacman	ambxst	explicit
qt6-multimedia	6.11.2-1	pacman	ambxst	explicit
qt6-multimedia-gstreamer	6.11.2-1	pacman	ambxst	explicit
qt6-shadertools	6.11.2-1	pacman	ambxst	explicit
qt6-svg	6.11.2-1	pacman	ambxst	dependency
qt6-tools	6.11.2-1	pacman	ambxst	explicit
qt6-wayland	6.11.2-1	pacman	ambxst	explicit
qt6ct	0.11-8	pacman	ambxst	explicit
quickshell	0.3.1-1	pacman	ambxst	explicit
rog-control-center	6.5.0-1	pacman	asus	explicit
rtkit	0.14-1	pacman	desktop	explicit
sassc	3.6.2-5	pacman	optional/theme-build	explicit
smartmontools	7.5-1	pacman	utilities	explicit
spotify	1:1.2.96.518-2	foreign/AUR	aur	explicit
sqlite	3.53.4-1	pacman	ambxst	dependency
sudo	1.9.17.p2-6	pacman	base	explicit
syntax-highlighting	6.30.0-1	pacman	ambxst	explicit
tesseract	5.5.3-1	pacman	ambxst	explicit
tesseract-data-chi_sim	2:4.1.0-5	pacman	optional/ocr-extra	explicit
tesseract-data-chi_tra	2:4.1.0-5	pacman	optional/ocr-extra	explicit
tesseract-data-eng	2:4.1.0-5	pacman	ambxst	explicit
tesseract-data-jpn	2:4.1.0-5	pacman	optional/ocr-extra	explicit
tesseract-data-kor	2:4.1.0-5	pacman	optional/ocr-extra	explicit
tesseract-data-lat	2:4.1.0-5	pacman	optional/ocr-extra	explicit
tesseract-data-spa	2:4.1.0-5	pacman	ambxst	explicit
tmux	3.7_c-1	pacman	terminal	explicit
ttf-dejavu	2.37+18+g9b5d1b2f-8	pacman	fonts-theme	explicit
ttf-league-gothic	1:1.601-1	foreign/AUR	aur	explicit
ttf-liberation	2.1.5-2	pacman	fonts-theme	explicit
ttf-nerd-fonts-symbols	3.5.1-1	pacman	fonts-theme	explicit
ttf-phosphor-icons	2.1.2-1	foreign/AUR	aur	explicit
ttf-roboto	3.016-1	pacman	fonts-theme	explicit
ttf-roboto-mono	3.001-1	pacman	fonts-theme	explicit
ufw	0.36.2-7	pacman	utilities	explicit
upower	1.91.4-1	pacman	ambxst	dependency
vim	9.2.1046-1	pacman	utilities	explicit
visual-studio-code-bin	1.138.0-1	foreign/AUR	aur	explicit
wget	1.25.0-6	pacman	utilities	explicit
wireless-regdb	2026.09.03-1	pacman	base	explicit
wireplumber	0.5.17-1	pacman	desktop	explicit
wl-clip-persist	0.5.0-2	pacman	ambxst	explicit
wl-clipboard	1:2.3.0-1	pacman	ambxst	explicit
wlsunset	0.4.0-1	pacman	ambxst	explicit
wpa_supplicant	2:2.12-1	pacman	base	explicit
wtype	0.4-2	pacman	ambxst	explicit
x264	3:0.165.r3222.b35605a-2	pacman	ambxst	dependency
xdg-desktop-portal	1.22.1-2	pacman	hyprland	dependency
xdg-desktop-portal-gnome	50.0-1	pacman	hyprland	explicit
xdg-desktop-portal-gtk	1.15.3-1	pacman	hyprland	dependency
xdg-desktop-portal-hyprland	1.4.1-2	pacman	hyprland	explicit
xdg-user-dirs	0.20-1	pacman	desktop	dependency
xdg-user-dirs-gtk	0.16-1	pacman	desktop	explicit
xdg-utils	1.2.1-2	pacman	desktop	explicit
xorg-xwayland	24.1.13-1	pacman	hyprland	dependency
zenity	4.2.2-1	pacman	ambxst	explicit
zram-generator	1.2.1-1	pacman	base	explicit
zsh	5.9.2-1	pacman	terminal	explicit
zsh-autosuggestions	0.7.1-1	pacman	terminal	explicit
zsh-syntax-highlighting	0.8.0-2	pacman	terminal	explicit
